_id,name,slug
e1152e27-d41f-4b34-b3b1-faac7dba9380,"Квиз, плиз! SPB",quiz-please-spb
c799f8ff-1597-4afa-b262-eb6397eadbb4,[кино и музыка] SPB,kino-i-muzyka-spb
1b456360-b95e-49da-b06b-9e8ae7a85b0a,[Назад в СССР] SPB,nazad-v-sssr-spb
f72a415d-b24b-4663-b862-8b014cd5fefa,[Гарри Поттер] SPB,garri-potter-spb
2cb4e29e-b1a6-4584-b67a-91f66999e4eb,[Битва IT],bitva-it
5c294fd1-667c-4eb9-a11f-f5cc22c696cd,ОТКРЫТИЕ ЛЕТНЕГО СЕЗОНА,otkrytie-letnego-sezona
154c9c26-5bab-40e0-bdf8-a085df6ae11e,[Битва банков],bitva-bankov
bbd2fa9d-2e3c-4cd0-8c61-5c38d06137e9,[teens] SPB,teens-spb
dc4acf29-8b79-4473-b121-268bde61aa9f,[Звездные войны],zvezdnye-vojny
4d00c21e-f343-43fb-9574-4a91da61b8fc,[кино и музыка],kino-i-muzyka
eb12b4b3-a828-429d-93f9-b50ed67a5cd6,[Игра престолов],igra-prestolov
d4e8821b-8d97-449d-8d0e-bc657a49eb10,[Битва городов],bitva-gorodov
40043a36-73b5-42de-8c22-838894c9a038,[назад в 90-е] SPB,nazad-v-90-e-spb
88c2edc4-b190-430d-970b-ed490e66e0fb,[Чаки vs Рембо] SPB,chaki-vs-rembo-spb
7d765dc1-ce41-4182-866b-230922fe23ba,[Секс в большом городе],seks-v-bolshom-gorode
f99277a1-c3bd-4944-bb04-77b11a2b850e,"Квиз, плиз!",quiz-please
f790f1cc-8c88-48d2-98a3-b41429d2f923,[Джеймс Бонд],dzhejms-bond
78b59413-724a-447c-9fa5-906c5e2076ee,ОТКРЫТИЕ ВЕСЕННЕГО СЕЗОНА [финал],otkrytie-vesennego-sezona-final
61862c27-e98b-43e3-ae86-279c4abc4b75,[полуфинал],polufinal
acc3cda8-e7ce-48aa-8161-96a830dfadce,[Властелин колец],vlastelin-kolec
71386668-48cf-4e56-b6bf-05c9f6a28f30,[Теория большого взрыва],teoriya-bolshogo-vzryva
f3064b13-6336-4a15-bed0-40ccc2df64a9,[HELLO 2019],hello-2019
a0496672-2a71-4e42-bbf3-1783701bef46,[MARVEL],marvel
38eb0c79-ba65-49ec-9ee4-290976f17266,ОТКРЫТИЕ ЗИМНЕГО СЕЗОНА,otkrytie-zimnego-sezona
c30cb72d-0df6-4f3f-a745-1b1e0a569751,#финал,final
38b7ac07-b2c2-41d5-95c4-db0260aa1b20,"II Чемпионат мира по Квиз, плиз! [ФИНАЛ]",ii-chempionat-mira-po-quiz-please-final
c8f24a37-1993-4d76-956d-a043190968a8,#полуфинал,polufinal
03c3fadf-5a3b-44c6-a6c4-d1178a02ef1a,"II Чемпионат мира по Квиз, плиз! [полуфинал] #2",ii-chempionat-mira-po-quiz-please-polufinal-2
75606e49-153f-45e3-b9ac-46ab8e9a9595,[HALLOWEEN],halloween
1ee5670d-d20d-4469-878e-1a551c6c60db,"II Чемпионат мира по Квиз, плиз! [полуфинал] #1",ii-chempionat-mira-po-quiz-please-polufinal-1
9ed11b0e-c69c-43b3-9b66-fd7425b6129e,#четвертьфинал,chetvertfinal
86862419-9411-49f1-9d14-999d86c0e3df,"II Чемпионат мира по Квиз, плиз! [четвертьфинал] #4",ii-chempionat-mira-po-quiz-please-chetvertfinal-4
cc1c494d-957d-4059-908f-7cb44d17528c,"II Чемпионат мира по Квиз, плиз! [четвертьфинал] #3",ii-chempionat-mira-po-quiz-please-chetvertfinal-3
7a17d3d1-e3d0-44f6-85fb-efdd13d73ddb,"II Чемпионат мира по Квиз, плиз! [четвертьфинал] #2",ii-chempionat-mira-po-quiz-please-chetvertfinal-2
f967d694-72b7-4f12-b905-07d58219727d,"II Чемпионат мира по Квиз, плиз! [четвертьфинал] #1",ii-chempionat-mira-po-quiz-please-chetvertfinal-1
8282d9c3-df40-425e-b568-ba0eb76ab497,[Гарри Поттер],garri-potter
a1b8cee7-1c56-470e-aa50-2d0651ccc500,ОТКРЫТИЕ ОСЕННЕЙ СЕРИИ ИГР,otkrytie-osennej-serii-igr
d30a61e1-cd67-422a-895e-a05199834542,[про футбол],pro-futbol
ed863974-245e-4b13-85b2-2835e91bd355,"ОТКРЫТИЕ ЛЕТНЕЙ СЕРИИ ИГР КВИЗ, ПЛИЗ!",otkrytie-letnej-serii-igr-quiz-please
ad785e25-a0fb-4bc2-9831-44b3f0fd571d,ОТКРЫТИЕ ВЕСЕННЕЙ СЕРИИ ИГР,otkrytie-vesennej-serii-igr
a4870f5e-6c20-4a85-9d02-1902539e3d1f,Квиз: плиз! SPB,quiz-please-spb
7f172cd7-5050-4959-a577-5dd5bd893077,"ОТКРЫТИЕ ЗИМНЕЙ СЕРИИ ИГР КВИЗ, ПЛИЗ! SPB",otkrytie-zimnej-serii-igr-quiz-please-spb
aa4635cc-e923-4f83-85e4-6dc91d63bf14,"Квиз, плиз! SPB СУПЕРИГРА",quiz-please-spb-superigra
769568b9-68fa-4127-94a1-81e5651f6405,[музыка] шазам SPB,muzyka-shazam-spb
33286431-7984-4bbf-9d70-f8f3aa4f8428,1990е VS 2000е [стрим] SPB,1990e-vs-2000e-strim-spb
16a410b8-fb8e-4d46-a426-f7ad6eedc62a,"Квиз, плиз! [стрим] SPB",quiz-please-strim-spb
2724247b-a034-45e5-b7f7-d28c78df1043,ОТКРЫТИЕ ВЕСЕННЕГО СЕЗОНА [финал] SPB,otkrytie-vesennego-sezona-final-spb
09259303-e230-4e88-a28d-e3db01bb5d88,Путешествия [стрим] SPB,puteshestviya-strim-spb
765476a7-aad9-4b59-9796-12c7cc2b524a,[кино и музыка] бруталити SPB,kino-i-muzyka-brutaliti-spb
96fd00e8-c5fb-4a89-bff3-ff52d31dafb5,Кино и музыка [стрим] SPB,kino-i-muzyka-strim-spb
a2c15fec-8d92-4ecd-a7a4-d556e2d8c848,"[English, please!] SPB",english-please-spb
574eb675-abb7-405f-9eaa-315c571b65fe,[1990е VS 2000е] SPB,1990e-vs-2000e-spb
6dfb7be4-61b2-4954-b332-d6a6df4d6d3f,[OVER 1000] SPB,over-1000-spb
5b1a1048-0e68-4812-aea4-22032b308281,Церемония открытия сезона игр [кино и музыка] SPB,ceremoniya-otkrytiya-sezona-igr-kino-i-muzyka-spb
2ae13410-5c25-482a-bd6a-d39cbe499035,Музыка. Шазам [стрим] SPB,muzyka-shazam-strim-spb
a1d033b5-abf7-4275-b0df-b562925c5d95,[путешествия] SPB,puteshestviya-spb
83b54546-b681-4425-8e9a-89952ea68d51,Гарри Поттер [стрим] SPB,garri-potter-strim-spb
3224e667-63b8-4f04-bb3e-20e4a6fd5cf0,Кино и музыка: Happy New Year [стрим] SPB,kino-i-muzyka-happy-new-year-strim-spb
9fe8c324-25fe-4d17-9826-7faf6265f4c7,2010-2020 [стрим] SPB,2010-2020-strim-spb
0a0adab6-f84b-4b2d-aa5c-2430f75f638d,[кино и музыка] Happy New Year SPB,kino-i-muzyka-happy-new-year-spb
f04a4afe-9932-46a3-8b0f-7ea926b524b4,[2010-2020] SPB,2010-2020-spb
417d894f-f6c9-4a2b-b03d-7697afd879ee,Назад в 90-е [стрим] SPB,nazad-v-90-e-strim-spb
ffde99af-62a9-4a32-aab9-3ecfc9eb107e,ОТКРЫТИЕ ЗИМНЕГО СЕЗОНА [финал] SPB,otkrytie-zimnego-sezona-final-spb
04a34be0-1a96-469f-8e53-c7085c2b368a,Кино и музыка: Рашн эдишн [стрим] SPB,kino-i-muzyka-rashn-edishn-strim-spb
45f6145d-e5fb-46f8-b245-bf8c2367cf97,[кино и музыка] рашн эдишн SPB,kino-i-muzyka-rashn-edishn-spb
c64986db-71b6-4a3b-87db-e942cfbff449,Кино и музыка. Хэллоуин [стрим] SPB,kino-i-muzyka-hellouin-strim-spb
26bfaf2a-50b8-435f-bd87-3a6709a07475,[кино и музыка] Хэллоуин SPB,kino-i-muzyka-hellouin-spb
33db51f6-d600-4a87-89b7-d907ed6220ad,Назад в 2000-е [стрим] SPB,nazad-v-2000-e-strim-spb
002b8333-62cb-4eff-a797-c299abcd6e42,[назад в 2000-е] SPB,nazad-v-2000-e-spb
0a563ee5-468c-4a3a-b5ee-9369a4514f4f,[кино. топ-250] SPB,kino-top-250-spb
88cdec45-31fd-4386-83bd-828d2062c02e,[рок] SPB,rok-spb
e846f462-6129-49e7-b969-a8318cc3889f,ОТКРЫТИЕ ОСЕННЕГО СЕЗОНА [финал] SPB,otkrytie-osennego-sezona-final-spb
206f2a53-22f4-460b-ac1b-ee6a9aaa50be,[назад в школу] SPB,nazad-v-shkolu-spb
e9c10d1c-0391-4cb8-9ec4-72458799c9b8,Сериалы [стрим] SPB,serialy-strim-spb
f4cace13-3ab3-4f18-b7fe-21909930e77f,[сериалы] SPB,serialy-spb
42621814-85b6-424f-8d51-5d22be0e0aae,[литература] SPB,literatura-spb
f3dbfb2a-2c96-4f36-982d-1b179514a841,[мультики] SPB,multiki-spb
b03fe7ea-56ff-444a-b57d-f2ff54075e34,Музыка [стрим] SPB,muzyka-strim-spb
42bc808e-808f-45b9-b794-ea4126c20d29,[музыка] SPB,muzyka-spb
555d5b56-53ba-4ebe-94e3-78d9dae583cd,"Окей, гугл! [стрим] SPB",okej-gugl-strim-spb
e9223409-2897-4b13-890a-d0908a551839,Литература [стрим] SPB,literatura-strim-spb
65d70643-c331-4fa8-8bb5-fc9bdc186a06,Кино. Топ-250 [стрим] SPB,kino-top-250-strim-spb
5ee750ba-c3ce-406a-b128-bf07262834d6,Назад в СССР [стрим] SPB,nazad-v-sssr-strim-spb
8964ea75-6910-4014-835b-4716e306515d,Звёздные войны [стрим] SPB,zvyozdnye-vojny-strim-spb
9d721382-6407-4178-987b-28da49c60fae,Мультики [стрим] SPB,multiki-strim-spb
02d5f1b3-8a8e-4792-9a80-adae430cba27,Властелин колец [стрим] SPB,vlastelin-kolec-strim-spb
380b6f3e-5318-40ca-854e-d5183cb202cd,Компьютерные игры [стрим] SPB,kompyuternye-igry-strim-spb
66be5905-3670-4245-9cb6-ee6fb20503c3,Кино и музыка 80е vs 90е [стрим] SPB,kino-i-muzyka-80e-vs-90e-strim-spb
a71bb883-4ab4-4546-bfb2-c02d2a5d5090,Игра престолов [стрим] SPB,igra-prestolov-strim-spb
38b5dc5a-3391-4505-b281-ea7dd3212c20,Назад в школу [стрим] SPB,nazad-v-shkolu-strim-spb
61647023-e8a0-4c37-9cc5-f9364519cd1e,Кино и музыка 2010-х [стрим] SPB,kino-i-muzyka-2010-h-strim-spb
788bdf01-45ad-4fd2-9307-39bcd6ba631e,Marvel VS DC [стрим] SPB,marvel-vs-dc-strim-spb
8555d445-f55f-476b-bb8b-f5bddc1728c3,18+ [стрим] SPB,18-plus-strim-spb
c68fbafd-f379-47cc-b8ed-820a17b95085,"Квиз, плиз! Без границ [стрим] SPB",quiz-please-bez-granic-strim-spb
c027e42e-996c-471b-ab79-1cf5e47add39,Кино и музыка СССР [стрим] SPB,kino-i-muzyka-sssr-strim-spb
6afa6ff4-1214-4697-89b6-9f25e6d8fac4,Teens [стрим] SPB,teens-strim-spb
cc5dd197-2561-4912-89c7-f41c698ec63f,[18+] SPB,18-plus-spb
95e30377-90ef-47e8-bb1e-f9cff9184ce8,[новички] SPB,novichki-spb
934522f1-08db-4e87-a4b3-9e80f939491a,[Event-битва] SPB,event-bitva-spb
276939b5-de16-4d85-bfc8-6fbe558fcc3e,[кино и музыка] 2000-х SPB,kino-i-muzyka-2000-h-spb
15ab978e-b08d-4f8d-b348-ca6f2e215206,[кино и музыка] 90-х SPB,kino-i-muzyka-90-h-spb
4e0ce0c3-9666-4572-80aa-d069848eabb9,[конец эпохи 2010-х] SPB,konec-epohi-2010-h-spb
e6211912-caa5-40e2-9b9b-61b7c23852e6,[HELLO 2020] SPB,hello-2020-spb
42692470-3f65-418d-bb3b-91b33bf94071,[Битва городов] SPB,bitva-gorodov-spb
db024971-fed1-4e63-a553-55e23a58224e,[Как я встретил вашу маму] SPB,kak-ya-vstretil-vashu-mamu-spb
8987b824-f19a-4f49-8a9a-220f31c1ada7,[про спорт] SPB,pro-sport-spb
6f34eef8-81e3-4259-9e65-8ee961126c96,[кино и музыка] СССР SPB,kino-i-muzyka-sssr-spb
c88b0ba9-112d-4f1b-a8be-e897678994d5,[HALLOWEEN] SPB,halloween-spb
f2ab6aaf-0575-4b52-b436-07b700ff33e0,"III Чемпионат мира по Квиз, плиз! [1/4] SPB",iii-chempionat-mira-po-quiz-please-14-spb
3772e129-3d27-4561-a4fa-7dbcfbab2cb1,"III Чемпионат мира по Квиз, плиз! [1/8] SPB",iii-chempionat-mira-po-quiz-please-18-spb
9e148a95-5aea-4726-82bd-33f51a8c08fc,"III Чемпионат мира по Квиз, плиз! [отбор] SPB",iii-chempionat-mira-po-quiz-please-otbor-spb
f7f87bc7-1a28-4708-ac9a-b06ad568c7fc,музыка [шазам] 90-е SPB,muzyka-shazam-90-e-spb
47258ca6-d27e-46ba-be91-8310b9c55372,[music party] SPB,music-party-spb
6503e708-e980-46bb-8bc2-6d4dcd99aafe,[про кино] 2000-х SPB,pro-kino-2000-h-spb
25fe5f44-36f7-4861-911f-ff3a290f2f7a,Music party [стрим] SPB,music-party-strim-spb
1f56c410-c5df-47cd-8911-b9ecae8d6e5f,[Секс в большом городе] SPB,seks-v-bolshom-gorode-spb
b0597679-db61-4a91-bab7-d6cfe0c2d064,[300к1] SPB,300k1-spb
45f190b3-1400-4c8c-a0f6-5cbd12f28782,ОТКРЫТИЕ ВЕСЕННЕГО СЕЗОНА [полуфинал] SPB,otkrytie-vesennego-sezona-polufinal-spb
bb403cfe-bcd0-4647-8f29-9f9436f8b1ca,Про кино Гарри Поттер [стрим] SPB,pro-kino-garri-potter-strim-spb
2c6aebaf-ed49-4750-b179-039475576354,музыка [шазам] рашн эдишн SPB,muzyka-shazam-rashn-edishn-spb
84f212d6-eee9-4ff6-a8a5-843eb062b367,[a man's world] SPB,a-mans-world-spb
62d5235b-5c1a-4eb5-9710-9bf710fa925b,[назад в 2010-е] SPB,nazad-v-2010-e-spb
a396c7b2-a98c-49b0-a219-ee34aadd166c,[Властелин колец] SPB,vlastelin-kolec-spb
f8bbe7ba-b89b-4dca-91b4-f032f93196eb,"Квиз, плиз! [железные яйца] SPB",quiz-please-zheleznye-yajca-spb
a7884c2e-89b6-4637-ae1c-0ba61e7ea209,Верните мой 2007 [стрим] SPB,vernite-moj-2007-strim-spb
06799549-cad2-48ea-b2e2-1f576874d690,[про кино] Гарри Поттер SPB,pro-kino-garri-potter-spb
214431ee-36f5-4c29-b51a-1f784f470f9f,[верните мой 2007] SPB,vernite-moj-2007-spb
cd5c1229-7d0c-4913-bdbb-705566d39a0f,[рок vs рэп] SPB,rok-vs-rep-spb
1aa33311-ab95-4def-8b80-f114f6008317,HELLO 2022 [стрим] SPB,hello-2022-strim-spb
d1bf0efe-5b80-482a-b773-80367fba316f,"[на чиле, на расслабоне] SPB",na-chile-na-rasslabone-spb
8efc9d35-86d5-4f96-b178-4be419ef35ee,[HELLO 2022] SPB,hello-2022-spb
3f960322-ba10-4018-bbc5-d075e52fe1d8,"Квиз, плиз! [турбо] SPB",quiz-please-turbo-spb
2cc791d8-89ab-4ef5-954d-017a9379fed1,"Квиз, плиз! [на выживание] SPB",quiz-please-na-vyzhivanie-spb
f3b6504f-3a30-45b0-9fec-ff5bef3d4c27,"Квиз, плиз! [сюрприз] SPB",quiz-please-syurpriz-spb
b51f97af-ec22-463d-9196-54820b7af332,[про мемы] SPB,pro-memy-spb
88cf5ec6-c0de-4b17-b77c-ce2e7fa44f5a,Друзья [стрим] SPB,druzya-strim-spb
47a97d8d-249c-4862-bdf8-9394c4969245,[MARVEL] SPB,marvel-spb
dd786e4f-c196-4bde-afb2-398a9da99eab,[про кино] ужасы SPB,pro-kino-uzhasy-spb
61f1c8ae-d657-4359-b1da-8c2626619e50,[80е vs 90е] SPB,80e-vs-90e-spb
801df6c1-5230-4a3b-949a-0fe43e429c22,Видеоигры [стрим] SPB,videoigry-strim-spb
e81a07f8-6ce9-455f-a555-100125d3487d,[видеоигры] SPB,videoigry-spb
ea97bb30-a359-4810-9597-a146a59c4848,Про кино [стрим] SPB,pro-kino-strim-spb
9aa16107-461f-4578-a643-d61fb41ca51a,музыка [шазам] ретро SPB,muzyka-shazam-retro-spb
e64f6c10-b071-40b5-ab9b-8c8e7b976abf,[про кино] SPB,pro-kino-spb
5945e053-bf42-41a7-91ae-06da8cc18565,[про историю] SPB,pro-istoriyu-spb
f6fd39fb-b092-4721-b6a5-966f7f0adc33,ОТКРЫТИЕ ЛЕТНЕГО СЕЗОНА [финал] SPB,otkrytie-letnego-sezona-final-spb
8aac9bb0-97cf-4781-98c8-f75a2c5539ab,"Квиз, плиз! [Про Петербург] SPB",quiz-please-pro-peterburg-spb
a3084004-85f7-4748-b942-378b09a8c973,[Битва городов] МСК vs СПБ SPB,bitva-gorodov-msk-vs-spb-spb
b27b56ad-9eed-4036-9652-4b3abc0a2a5c,Музыка. Шазам: Рашн эдишн [стрим] SPB,muzyka-shazam-rashn-edishn-strim-spb
daf9a23b-71b7-4e48-8849-98789847ffa8,"Квиз, плиз! [WTF] SPB",quiz-please-wtf-spb
998d8645-8429-44d4-bf81-b95e9b4501f7,[кино и музыка] романтика SPB,kino-i-muzyka-romantika-spb
1b28a8ea-e859-4a3a-b1f6-d8e7e5b2a402,[teens] music party SPB,teens-music-party-spb
42c74c69-ff2e-4593-a550-ceabe0e1c8a3,[music party] ностальжи SPB,music-party-nostalzhi-spb
dd77408b-ebba-4913-aa87-80a3d8f48219,[кино и музыка] новички SPB,kino-i-muzyka-novichki-spb
efef67ce-b4e5-4229-98ff-fbbc7971939d,[мемы и приколы] SPB,memy-i-prikoly-spb
d9a0419f-af24-44bc-b58b-e641a5b3e973,[сумерки] SPB,sumerki-spb
528d9012-8eea-4541-a2f8-2cee5c00f813,"Квиз, плиз! [новички] SPB",quiz-please-novichki-spb
28d7831a-2df3-462c-ba9d-28a75c6151c1,[teens] дети против родителей SPB,teens-deti-protiv-roditelej-spb
1e079624-0897-4022-ae38-0a7399f43b4d,[караоке] SPB,karaoke-spb
80760ff5-9fb9-40e7-b267-51e687ad4426,[кино и музыка] изи SPB,kino-i-muzyka-izi-spb
84ccc8fe-b3aa-4ca7-9054-4bdc9211cfff,[про кино] Оскар SPB,pro-kino-oskar-spb
8c104b54-ffcf-430a-85af-dd976eee399b,[ностальжи] SPB,nostalzhi-spb
375771cf-9bdc-4b5f-aa81-303c16d487fa,"Квиз, плиз! [азарт] SPB",quiz-please-azart-spb
00d3ee2a-dde7-43d0-aea9-d2aab1c107f1,[music party] рок SPB,music-party-rok-spb
7f4e417a-e5d8-44b0-b358-3a91d534bf5f,"Квиз, плиз! [старт] SPB",quiz-please-start-spb
50671682-39e6-4fdc-b76a-df4824454014,[шазам] 2000-е SPB,shazam-2000-e-spb
e44d305d-e6f9-45b8-8761-9d31114c9c73,"Квиз, плиз!.jpeg [18+] SPB",quiz-pleasejpeg-18-plus-spb
cff70f89-af01-4733-8db6-c9ca2fd562a7,[аниме] SPB,anime-spb
476edcd4-ebbd-4398-bec3-3a8c2fad1c2d,"Квиз, плиз! [изи] SPB",quiz-please-izi-spb
1e33602b-032d-4576-a9cb-08fb2d960900,[music party] рашн эдишн SPB,music-party-rashn-edishn-spb
b4ad695e-a241-4125-9595-9cf8705c9e30,[super music party] SPB,super-music-party-spb
64248b71-ba90-41be-965f-72be92634f52,Октоберфест [стрим] SPB,oktoberfest-strim-spb
de29852f-901b-4585-8cbd-f26877b9bdfc,[шазам] SPB,shazam-spb
8301481d-54ec-42f8-a7a1-ca6df1da7b62,[Back to school] SPB,back-to-school-spb
29b8abec-ecbe-4ba8-9025-cc39e8032e46,[музыкальное бинго] SPB,muzykalnoe-bingo-spb
b2229224-ebe8-4345-ae67-5916f520bd9a,Back to school [стрим] SPB,back-to-school-strim-spb
4c709df7-915c-4f5f-b909-93b77e1da075,ОТКРЫТИЕ ОСЕННЕГО СЕЗОНА SPB,otkrytie-osennego-sezona-spb
9562e044-21f7-4f51-9fdf-739fb54400e3,"Квиз, плиз! [изи]",quiz-please-izi
35683963-0a3f-4c79-aaf2-b5ed9a2a17b7,[кино и TV] 2000-е SPB,kino-i-tv-2000-e-spb
07e88c8c-ea38-4d34-891b-c79c0c03c1dc,[зумеры vs бумеры] SPB,zumery-vs-bumery-spb
fd469d8a-520a-4156-b322-e4cd01bad804,"Quiz, please! [music party] SPB",quiz-please-music-party-spb
054e5f5b-4dbd-42d5-9524-88b1657e1245,"[мальчик, который выжил] SPB",malchik-kotoryj-vyzhil-spb
cee28d60-098b-44cc-918e-2da47749ff04,[шазам] рок SPB,shazam-rok-spb
7099b835-004d-47b5-8cb1-2cc4de1a6de4,[Драконы и престолы] SPB,drakony-i-prestoly-spb
e174db38-8ed0-400e-a38f-1e7d79008b5e,[music party] summertime SPB,music-party-summertime-spb
03ebaaa2-4b9a-4a2f-8415-ab69986c8387,Битва городов [МСК vs СПБ] SPB,bitva-gorodov-msk-vs-spb-spb
30b6ab81-1620-4a4b-9c5e-b527da85082b,"Квиз, плиз! [стрим] изи SPB",quiz-please-strim-izi-spb
b879a38a-b89e-4364-bad5-b4fb86c7b275,[караоке] хиты SPB,karaoke-hity-spb
41f397ab-a828-4b0a-a8f4-6f03a041b463,[телеигры] SPB,teleigry-spb
fca608e3-b658-4a2d-94bd-82c2cc68173f,"Квиз, плиз!.jpeg SPB",quiz-pleasejpeg-spb
d70d2898-6304-491f-82bc-f03eb270e3a2,[про кино] кринж эдишн SPB,pro-kino-krinzh-edishn-spb
f1a3c7f3-c966-45b7-b93c-804e33d65577,[music party] выпускной SPB,music-party-vypusknoj-spb
6109c51a-03a2-49f6-afa2-4bf978cdbb7e,[кино и музыка] 2000-е SPB,kino-i-muzyka-2000-e-spb
84da12bc-ba3f-4942-b434-167a6a54533b,[Disney & Pixar] SPB,disney-and-pixar-spb
2fb2f101-173a-4e67-a1d0-48ba647c2988,[караоке] 2000-е SPB,karaoke-2000-e-spb
14a75ed8-271a-47cf-bce8-2ca50d9fe488,"Квиз, плиз! дачный [вайб] SPB",quiz-please-dachnyj-vajb-spb
1589dd8d-6846-4117-8056-c3787f4b0bb4,Music party [стрим] рашн эдишн SPB,music-party-strim-rashn-edishn-spb
48a71c30-f015-47f9-854e-52b0bdbb2eed,[про футбол] SPB,pro-futbol-spb
d5e690ee-c629-4360-a87e-0512a5e96d0c,[шазам] 90-е SPB,shazam-90-e-spb
2e396f3c-4132-4c4e-ae71-f586b6a3f81b,[afterparty] SPB,afterparty-spb
7965484a-30ae-4667-a41e-1f557e7b0795,[шазам] 2010-е SPB,shazam-2010-e-spb
fae04302-acf6-4296-8910-34c0b8c9c217,Music party [стрим] кринж эдишн SPB,music-party-strim-krinzh-edishn-spb
a1426501-a138-4f85-a4ae-ffc6bf4b1ea7,[лихие 90-е] SPB,lihie-90-e-spb
8cda28ef-2adc-4c50-90e2-1881e244920e,Про кино [стрим] советские комедии SPB,pro-kino-strim-sovetskie-komedii-spb
6a779686-3371-4fb4-a37b-c2c3a87c1f09,[я из 2000-х] SPB,ya-iz-2000-h-spb
3f2051c2-426e-4e51-b6bb-4ea5940810e6,Music party [стрим] застольная SPB,music-party-strim-zastolnaya-spb
2a7027ea-1064-4cf6-8d82-7f76368c3377,Кино и музыка [новички] SPB,kino-i-muzyka-novichki-spb
d4e018d4-f01a-46e8-a192-f741a141d224,[Гарри Поттер] изи SPB,garri-potter-izi-spb
2edb9512-4b2a-4af5-8eda-aac5001d2c47,[music party] 2000-х SPB,music-party-2000-h-spb
366d9f6b-ada8-4250-a142-6917710a5fb4,"Квиз, плиз! [кек] SPB",quiz-please-kek-spb
b8211ce8-fd4e-476b-b1db-2ece9642a0d2,[300к1] Girl's Edition SPB,300k1-girls-edition-spb
fbeb6cdb-9ce4-449e-b27e-254cf79acda1,[рок vs попса] SPB,rok-vs-popsa-spb
f76668d0-d0b6-4baf-9ea8-f8fca360a52f,TV и реклама [стрим] 2000-е SPB,tv-i-reklama-strim-2000-e-spb
c8ab992b-f640-42cf-b26e-89d50a6f9922,Music party [стрим] romantic collection SPB,music-party-strim-romantic-collection-spb
9f6a0db3-811d-43f3-b8d6-2b0c8840228e,[300к1] Men's Edition SPB,300k1-mens-edition-spb
88b44254-40e7-49eb-93ac-ad8eec94d9e6,Кино и музыка [изи] SPB,kino-i-muzyka-izi-spb
922e6fbb-3b6d-44e3-a3bd-e10e1849a890,"Квиз, плиз!.jpeg [стрим] SPB",quiz-pleasejpeg-strim-spb
0c10c490-2ffe-4463-a58c-44426411b99e,A man's world [стрим] SPB,a-mans-world-strim-spb
b881403e-d075-4d9c-9110-ca1d3f21bd4d,"Квиз, плиз! [зумеры vs бумеры] SPB",quiz-please-zumery-vs-bumery-spb
b4b23be8-54c9-4b84-8e24-a3af1ba1809a,Шазам: Рашн эдишн [стрим] SPB,shazam-rashn-edishn-strim-spb
78861978-8a4c-4da7-a93c-c81758c48209,Кино и музыка [изи],kino-i-muzyka-izi
6c7c90d5-2f4f-499a-a9a2-98357f83ce8a,"Квиз, плиз! [What is love?] SPB",quiz-please-what-is-love-spb
2a140455-d1ca-4820-95af-676986ce155b,"Квиз, плиз! [я из 90-х] SPB",quiz-please-ya-iz-90-h-spb
47ba7c20-58d7-4845-9e42-80aa9097eafe,[Слово пацана] SPB,slovo-pacana-spb
41f1d2c7-b40a-4be7-aa23-eb065963fef4,Назад в 2010-е [стрим] SPB,nazad-v-2010-e-strim-spb
ed6219fe-40b6-4fbc-9b3f-e03c978a2114,"Квиз, плиз! [караоке] SPB",quiz-please-karaoke-spb
eb604a01-ccc5-42de-8807-061dceabd257,[Гарри Поттер] Битва факультетов. Финал SPB,garri-potter-bitva-fakultetov-final-spb
18c81240-39b8-40f3-910b-63a6b15eef43,[300к1] 18+ SPB,300k1-18-plus-spb
5c48b092-52c7-4c5c-b8c3-778f5f5bb099,[про кино] Советские комедии SPB,pro-kino-sovetskie-komedii-spb
05d147da-06d9-4af2-902e-7b94266ac941,HELLO 2024 [стрим] SPB,hello-2024-strim-spb
8699cc1c-b9f2-4844-943e-ecde1b67e0e5,[music party] Застольная SPB,music-party-zastolnaya-spb
2a9ae836-e356-4d48-a4f3-c2e00860f3eb,Шазам 90-е [стрим] SPB,shazam-90-e-strim-spb
f4af32d7-fc62-45b5-bd83-d4869dbfc80d,"Квиз, плиз!.jpeg. Новогодний SPB",quiz-pleasejpeg-novogodnij-spb
3271e832-7801-4c54-ae91-29c84f3d58ce,[HELLO 2024] SPB,hello-2024-spb
ce048d16-e229-45d5-9ca9-fc862fd9e9c1,300к1 [стрим] SPB,300k1-strim-spb
419ef1fc-0681-41eb-a29e-f38fc8a01a7e,[Гарри Поттер] Битва факультетов SPB,garri-potter-bitva-fakultetov-spb
63f4f1c1-ca1b-4cdf-9169-4ce246c49d1a,[300к1] 90-е SPB,300k1-90-e-spb
1427beab-2bc6-408e-9692-1a1a94db4cb0,[шазам] хип-хоп SPB,shazam-hip-hop-spb
ef144123-61e7-407d-a673-3db170bece7c,[TV и реклама] 2000-е SPB,tv-i-reklama-2000-e-spb
01c6db91-743c-48de-aa6c-d82672284166,[music party] кринж эдишн SPB,music-party-krinzh-edishn-spb
7ce43442-b744-4d0d-b2fc-b998bac77345,Music party [стрим] рок SPB,music-party-strim-rok-spb
6f759939-9be6-497c-b513-742162f62cda,Music party [стрим] 2000-х SPB,music-party-strim-2000-h-spb
8ad9bab4-c94a-41c2-8add-997858cef55d,[Октоберфест] SPB,oktoberfest-spb
b9ae1347-1646-4ff0-9020-9965f66433d7,[Eurovision] SPB,eurovision-spb
9143e793-6e71-4ee2-9faa-f159fea524fc,Сериалы [стрим] рашн эдишн SPB,serialy-strim-rashn-edishn-spb
8e34f7eb-80f9-4ec6-a70e-0becb9985f69,Music party [стрим] 90-х SPB,music-party-strim-90-h-spb
e63d8e38-7b67-4523-a743-353dc39a554b,Дисней [стрим] SPB,disnej-strim-spb
f092ac22-3698-404d-a8fb-c516cdd77243,300к1 [стрим] 18+ SPB,300k1-strim-18-plus-spb
3c46c565-9d66-477d-99e9-18d7d9233e41,[Шерлок] SPB,sherlok-spb
6d205c6d-ec5f-4dcc-a93c-2c2d25dff35f,[Король и Шут] SPB,korol-i-shut-spb
84c95d81-fc07-42ee-90d2-97c17e56891f,[music party] Фабрика звёзд SPB,music-party-fabrika-zvyozd-spb
d9dfc6a2-0264-4700-8655-33126ed4fd6d,Про историю [стрим] SPB,pro-istoriyu-strim-spb
603cb55a-3c2c-40c5-8d6d-163f18595fe5,Зумеры vs бумеры [стрим] SPB,zumery-vs-bumery-strim-spb
f8ab6b6e-e5a7-4916-849f-a8a2463a3a41,Кино и TV [стрим] 2000-е SPB,kino-i-tv-strim-2000-e-spb
8d4ffb9a-8def-43c1-8f0f-a178ac3fb1fb,[про кино] Властелин колец SPB,pro-kino-vlastelin-kolec-spb
40be3efc-5da1-4367-b018-8ed9441ca52a,[Дисней] SPB,disnej-spb
addb8b2a-3bc7-4e6a-a148-8aa58b65e6ed,[шазам] рашн эдишн SPB,shazam-rashn-edishn-spb
b053241c-4c03-41b8-ab00-195f9ad86ecf,"Квиз, плиз! [бранч] SPB",quiz-please-branch-spb
a6067a47-fb91-49b0-9a2f-f3c76a1cec65,[music party] 90-х SPB,music-party-90-h-spb
6fa83f39-cb41-4845-a278-4e4854b94fe2,[Звездные войны] SPB,zvezdnye-vojny-spb
c9ca4d38-3f56-4aa5-a744-502147ff361d,[Офис] SPB,ofis-spb
e1e651a4-253e-46a9-a399-e8b09c6bed21,[про кино] Тарантино SPB,pro-kino-tarantino-spb
b5018579-c1cf-4dbb-8f96-be639fa17c12,Рок vs попса [стрим] SPB,rok-vs-popsa-strim-spb
c35de558-2c2d-4e8c-9e99-75caef2aea4b,[music party] romantic collection SPB,music-party-romantic-collection-spb
1a5c1f03-12d0-4696-8e06-b4d518c221b9,Кино и музыка [стрим] романтика SPB,kino-i-muzyka-strim-romantika-spb
96c138ac-9835-4388-8557-2cdc74427773,[Друзья] SPB,druzya-spb
89d129e2-1030-42b3-a17d-aab972b48747,2000е vs 2010е [стрим] SPB,2000e-vs-2010e-strim-spb
9a50b14a-f1f8-4df7-b1fe-38a8483742fb,Music party [стрим] актуал SPB,music-party-strim-aktual-spb
4612ccf4-897e-42a1-b75d-a967b9d18184,[Клиника] SPB,klinika-spb
9443ac68-7a20-44d6-b9c4-5ebda94af720,Кино и TV [стрим] 90-е vs 2000-е SPB,kino-i-tv-strim-90-e-vs-2000-e-spb
ef0f8989-2a97-4c23-a84f-304cbc3548fc,[music party] 80-х SPB,music-party-80-h-spb
3619c4c2-91e8-480f-92a2-ad6f8a2f06a4,300к1 [стрим] Новогодний SPB,300k1-strim-novogodnij-spb
dcdd0918-0cf9-4b44-a3a9-a4975840a4fc,MARVEL [стрим] SPB,marvel-strim-spb
ac1b9320-777f-4834-a24d-6d5201d972ff,[300к1] Новогодняя SPB,300k1-novogodnyaya-spb
25b08721-4038-48f5-86a8-983a9fd69506,Кино и музыка 90-х [стрим] SPB,kino-i-muzyka-90-h-strim-spb
5818c6ae-3f8d-4fa7-9b9d-e65f6d88420d,[HELLO 2023] SPB,hello-2023-spb
f5c39076-3092-49b5-bf5b-7a14163ef81c,[2000е vs 2010е] SPB,2000e-vs-2010e-spb
66e0e010-b918-4edc-8445-db6b1a923bcd,[music party] актуал SPB,music-party-aktual-spb
459f2af2-bab8-450c-99f3-4cf6f02d0b4a,[Ведьмак] SPB,vedmak-spb
2ff5fddd-3353-42d5-a6fa-cd2a3e958a94,[Игра престолов] SPB,igra-prestolov-spb
cb5a4c27-0e89-4db0-8c75-d6285fac98d4,[Кино и TV] 90-е vs 2000-е SPB,kino-i-tv-90-e-vs-2000-e-spb
680598e5-55c7-40ef-a1db-bb80264d263f,[Сверхъестественное] SPB,sverhuestestvennoe-spb
4bfc7731-6375-4353-be00-54fb32158cb1,[Гарри Поттер] ФИНАЛ SPB,garri-potter-final-spb
5a12a4a8-6466-4b7e-a3aa-35b112bb2369,[Гарри Поттер и Дары Смерти] SPB,garri-potter-i-dary-smerti-spb
d6c40fc4-2638-47df-9f81-5df55929b802,[про кино] 2010-х SPB,pro-kino-2010-h-spb
7a1ff34e-8fe6-4f76-b579-2d2bc7f85f6f,[Очень странные дела] SPB,ochen-strannye-dela-spb
494d991a-e7bb-49d6-824c-339ca28d4f2f,[Гарри Поттер и Принц-полукровка] SPB,garri-potter-i-princ-polukrovka-spb
57f43b41-081d-4711-a383-a174951c1354,[Гарри Поттер и Орден Феникса] SPB,garri-potter-i-orden-feniksa-spb
4d6da05a-ecfb-4313-badb-5f76fd266820,Про кино Сумерки [стрим] SPB,pro-kino-sumerki-strim-spb
6cc081c5-d4fa-483d-99ab-9fad5636f77a,Кино и музыка [стрим] 2000-х SPB,kino-i-muzyka-strim-2000-h-spb
b8e34679-26d1-438e-acf9-adadb04b52e8,[Гарри Поттер и Кубок огня] SPB,garri-potter-i-kubok-ognya-spb
7df7d4d1-bda4-4bdd-a951-bb5f9200ed25,Музыка. Шазам [стрим] 90-е SPB,muzyka-shazam-strim-90-e-spb
7071115b-269f-4906-a0d4-9dfe49a4e82e,[МСК vs СПБ] SPB,msk-vs-spb-spb
8b48b1a7-db1d-4f3b-8fc6-890a1aaef758,Про кино 2000-х [стрим] SPB,pro-kino-2000-h-strim-spb
9100f51c-1d72-4e41-b77c-e1888d8129b5,Музыка. Шазам [стрим] 2010-е SPB,muzyka-shazam-strim-2010-e-spb
ba85e968-39e9-48ad-96ff-b926f5da40b4,[Гарри Поттер и узник Азкабана] SPB,garri-potter-i-uznik-azkabana-spb
d3f64c0b-1c90-46ec-a694-9d59db9b7613,[про кино] Сумерки SPB,pro-kino-sumerki-spb
e2e54301-0141-488a-8624-ae812812c409,Про мемы [стрим] SPB,pro-memy-strim-spb
7e898a8a-909a-44d0-a390-19f69e157204,[мультики] 16+ SPB,multiki-16-plus-spb
cbeb2b4f-bc7a-4072-b512-0508080c294a,музыка [шазам] 2010-е SPB,muzyka-shazam-2010-e-spb
f25d120b-de13-4453-8f71-95cbc559259f,[Гарри Поттер и Тайная комната] SPB,garri-potter-i-tajnaya-komnata-spb
857fecbd-4868-4ea4-aed0-37eef33fdcd1,Рок vs рэп [стрим] SPB,rok-vs-rep-strim-spb
d8bfde4d-f6e8-4af7-8809-6c6e7e9181e8,[Гарри Поттер и философский камень] SPB,garri-potter-i-filosofskij-kamen-spb
94de9a1b-1ba2-4673-b5dc-74ae2fff0a7e,80е vs 90е [стрим] SPB,80e-vs-90e-strim-spb
766379d9-aecf-49e0-9fb7-df3d05ef391f,[сериалы] рашн эдишн SPB,serialy-rashn-edishn-spb
a6d5f65f-1067-46ff-abd4-933d5fabad41,[про YouTube] SPB,pro-youtube-spb
